{"timestamps": [1499049015.315529, 1499049015.613136, 1499049015.686977, 1499049015.719546, 1499049015.745099, 1499049015.776775, 1499049015.854464, 1499049015.882237, 1499049016.104778, 1499049016.175527, 1499049016.202539, 1499049016.245919, 1499049016.279952, 1499049016.319902, 1499049016.340371, 1499049016.359787, 1499049016.393414, 1499049016.426643, 1499049016.47827, 1499049016.506867], "initial_reset_timestamp": 1499049014.794431, "episode_types": ["t", "t", "t", "t", "t", "t", "t", "t", "t", "t", "t", "t", "t", "t", "t", "t", "t", "t", "t", "t"], "episode_lengths": [16, 20, 19, 20, 16, 19, 48, 17, 17, 17, 17, 27, 21, 25, 13, 12, 21, 21, 33, 18], "episode_rewards": [16.0, 20.0, 19.0, 20.0, 16.0, 19.0, 48.0, 17.0, 17.0, 17.0, 17.0, 27.0, 21.0, 25.0, 13.0, 12.0, 21.0, 21.0, 33.0, 18.0]}