{"timestamps": [1499065799.032178, 1499065801.684275, 1499065802.194488, 1499065802.574775, 1499065802.947326, 1499065803.317163, 1499065803.689803, 1499065804.063214, 1499065806.570615, 1499065807.071199, 1499065807.472079, 1499065807.844619, 1499065808.21356, 1499065808.582694, 1499065808.9577, 1499065809.331178, 1499065809.71014, 1499065810.086341, 1499065810.458567, 1499065810.832067, 1499065811.206125, 1499065811.575826, 1499065811.947639, 1499065812.318276, 1499065812.691087, 1499065813.062453, 1499065813.433177, 1499065815.880652, 1499065816.36501, 1499065816.732052, 1499065817.099643, 1499065817.471845, 1499065817.841982, 1499065818.213155, 1499065818.585628, 1499065818.956969, 1499065819.328075, 1499065819.699327, 1499065820.081192, 1499065820.454179, 1499065820.824321, 1499065821.196026, 1499065821.566505, 1499065821.937111, 1499065822.307681, 1499065822.678773, 1499065823.051138, 1499065823.420754, 1499065823.78994, 1499065824.157774, 1499065824.528276, 1499065824.898167, 1499065825.265995, 1499065825.639297, 1499065826.011087, 1499065826.383789, 1499065826.754165, 1499065827.125407, 1499065827.496236, 1499065827.870089, 1499065828.240165, 1499065828.611625, 1499065828.98361, 1499065829.353656, 1499065831.893782, 1499065832.379532, 1499065832.754381, 1499065833.125203, 1499065833.49633, 1499065833.869323, 1499065834.243962, 1499065834.619898, 1499065834.99261, 1499065835.364295, 1499065835.737948, 1499065836.107696, 1499065836.478706, 1499065836.849835, 1499065837.219551, 1499065837.592717, 1499065837.964427, 1499065838.337643, 1499065838.708407, 1499065839.08033, 1499065839.452205, 1499065839.82504, 1499065840.197904, 1499065840.569199, 1499065840.940765, 1499065841.312444, 1499065841.68768, 1499065842.061, 1499065842.435252, 1499065842.808864, 1499065843.182205, 1499065843.552393, 1499065843.92228, 1499065844.292928, 1499065844.663755, 1499065845.034009], "initial_reset_timestamp": 1499065796.137151, "episode_types": ["t", "t", "t", "t", "t", "t", "t", "t", "t", "t", "t", "t", "t", "t", "t", "t", "t", "t", "t", "t", "t", "t", "t", "t", "t", "t", "t", "t", "t", "t", "t", "t", "t", "t", "t", "t", "t", "t", "t", "t", "t", "t", "t", "t", "t", "t", "t", "t", "t", "t", "t", "t", "t", "t", "t", "t", "t", "t", "t", "t", "t", "t", "t", "t", "t", "t", "t", "t", "t", "t", "t", "t", "t", "t", "t", "t", "t", "t", "t", "t", "t", "t", "t", "t", "t", "t", "t", "t", "t", "t", "t", "t", "t", "t", "t", "t", "t", "t", "t", "t"], "episode_lengths": [200, 200, 200, 200, 200, 200, 200, 200, 200, 200, 200, 200, 200, 200, 200, 200, 200, 200, 200, 200, 200, 200, 200, 200, 200, 200, 200, 200, 200, 200, 200, 200, 200, 200, 200, 200, 200, 200, 200, 200, 200, 200, 200, 200, 200, 200, 200, 200, 200, 200, 200, 200, 200, 200, 200, 200, 200, 200, 200, 200, 200, 200, 200, 200, 200, 200, 200, 200, 200, 200, 200, 200, 200, 200, 200, 200, 200, 200, 200, 200, 200, 200, 200, 200, 200, 200, 200, 200, 200, 200, 200, 200, 200, 200, 200, 200, 200, 200, 200, 200], "episode_rewards": [200.0, 200.0, 200.0, 200.0, 200.0, 200.0, 200.0, 200.0, 200.0, 200.0, 200.0, 200.0, 200.0, 200.0, 200.0, 200.0, 200.0, 200.0, 200.0, 200.0, 200.0, 200.0, 200.0, 200.0, 200.0, 200.0, 200.0, 200.0, 200.0, 200.0, 200.0, 200.0, 200.0, 200.0, 200.0, 200.0, 200.0, 200.0, 200.0, 200.0, 200.0, 200.0, 200.0, 200.0, 200.0, 200.0, 200.0, 200.0, 200.0, 200.0, 200.0, 200.0, 200.0, 200.0, 200.0, 200.0, 200.0, 200.0, 200.0, 200.0, 200.0, 200.0, 200.0, 200.0, 200.0, 200.0, 200.0, 200.0, 200.0, 200.0, 200.0, 200.0, 200.0, 200.0, 200.0, 200.0, 200.0, 200.0, 200.0, 200.0, 200.0, 200.0, 200.0, 200.0, 200.0, 200.0, 200.0, 200.0, 200.0, 200.0, 200.0, 200.0, 200.0, 200.0, 200.0, 200.0, 200.0, 200.0, 200.0, 200.0]}