{"timestamps": [1500916562.282224, 1500916566.850167, 1500916568.916078, 1500916570.90938, 1500916572.911487, 1500916574.912738, 1500916576.90953, 1500916578.919131, 1500916583.63422, 1500916585.769417, 1500916587.772528, 1500916589.784223, 1500916591.787167, 1500916593.791454, 1500916595.793579, 1500916597.802078, 1500916599.807249, 1500916601.814299, 1500916603.820399, 1500916605.825952, 1500916607.830987, 1500916609.838822, 1500916611.844584, 1500916613.849264, 1500916615.852806, 1500916617.865715, 1500916619.871201, 1500916624.363861, 1500916626.44084, 1500916628.446476, 1500916630.449479, 1500916632.589228, 1500916634.604541, 1500916636.621921, 1500916638.639643, 1500916640.643906, 1500916642.656235, 1500916644.682467, 1500916646.687743, 1500916648.704824, 1500916650.720945, 1500916652.732013, 1500916654.74308, 1500916656.75583, 1500916658.767088, 1500916660.776894, 1500916662.793324, 1500916664.814577, 1500916666.818095, 1500916668.834311, 1500916670.845402, 1500916672.906623, 1500916675.075262, 1500916677.201818, 1500916679.300674, 1500916681.396277, 1500916683.519039, 1500916685.609305, 1500916687.693958, 1500916689.810141, 1500916691.876474, 1500916693.957545, 1500916696.040773, 1500916698.109416, 1500916703.011739, 1500916705.190265, 1500916707.264111, 1500916709.355865, 1500916711.460532, 1500916713.541772, 1500916715.635555, 1500916717.715313, 1500916719.803232, 1500916721.883626, 1500916723.972234, 1500916726.055042, 1500916728.13599, 1500916730.220276, 1500916732.318709, 1500916734.462428, 1500916736.817383, 1500916739.186716, 1500916741.472952, 1500916743.661336, 1500916745.74531, 1500916747.844678], "initial_reset_timestamp": 1500916559.211095, "episode_types": ["t", "t", "t", "t", "t", "t", "t", "t", "t", "t", "t", "t", "t", "t", "t", "t", "t", "t", "t", "t", "t", "t", "t", "t", "t", "t", "t", "t", "t", "t", "t", "t", "t", "t", "t", "t", "t", "t", "t", "t", "t", "t", "t", "t", "t", "t", "t", "t", "t", "t", "t", "t", "t", "t", "t", "t", "t", "t", "t", "t", "t", "t", "t", "t", "t", "t", "t", "t", "t", "t", "t", "t", "t", "t", "t", "t", "t", "t", "t", "t", "t", "t", "t", "t", "t", "t", "t"], "episode_lengths": [200, 200, 200, 200, 200, 200, 200, 200, 200, 200, 200, 200, 200, 200, 200, 200, 200, 200, 200, 200, 200, 200, 200, 200, 200, 200, 200, 200, 200, 200, 200, 200, 200, 200, 200, 200, 200, 200, 200, 200, 200, 200, 200, 200, 200, 200, 200, 200, 200, 200, 200, 200, 200, 200, 200, 200, 200, 200, 200, 200, 200, 200, 200, 200, 200, 200, 200, 200, 200, 200, 200, 200, 200, 200, 200, 200, 200, 200, 200, 200, 200, 200, 200, 200, 200, 200], "episode_rewards": [-911.3703995454366, -1711.7692545335244, -947.3742682527408, -1467.7257601838098, -1087.0104598650469, -1617.864319360035, -1386.273243677873, -1533.6568228512506, -1416.5818601879512, -1602.069854319609, -1627.7772884310866, -1090.230073295821, -1613.821374455251, -1318.2308146216976, -1545.3790607822764, -1295.9452810476655, -1436.4820140159165, -1541.090469842099, -1415.9319731918865, -1264.738159587225, -1199.1087812031076, -1602.4920370816171, -1245.3591997944186, -1573.37544259858, -1522.5960869721084, -1539.9617481743142, -1127.9700773096488, -1529.8840335421246, -1363.2276520825992, -1525.2293261755754, -1558.966144599929, -1534.9332409141243, -1602.0389278371206, -1635.4881131140305, -1241.2979867916113, -1617.1684337980162, -963.3993604418068, -1617.6885479728935, -1630.068140810908, -1534.4058455084835, -1605.2819391193843, -1544.737737614466, -1613.5259732127524, -1615.0073743048715, -1532.528574570022, -1169.4130765461184, -1379.5840171502277, -1625.5810709616883, -1267.8608691698087, -1553.514225145629, -1414.5748264872552, -1535.9168735462504, -1377.6382311513053, -1621.1609148383045, -1537.4391747432007, -1551.2198794956173, -1549.8630689716438, -1605.2773736534427, -1549.4883095613866, -1501.595132035674, -1304.5360801323427, -1254.5958587078856, -1514.488187422723, -1612.4194043867037, -1169.381775235365, -1517.0887460320214, -1555.1458416899582, -1523.874709593199, -1171.020052232659, -1392.199464292991, -1537.6883423753623, -1598.9710486417664, -1593.1117976553408, -1345.9236998104623, -1626.9894940657475, -1526.184065205136, -1509.6688199711166, -1563.1394672725921, -1324.4772030688882, -1522.959220665369, -1509.0264016633487, -1331.6507818525006, -1631.7372437072522, -1369.9438545974474, -1594.3179804876747, -1307.2908101053013]}